{"stats":{"minecraft:killed_by":{"minecraft:zombie":1},"minecraft:dropped":{"minecraft:cooked_chicken":1,"minecraft:baked_potato":20,"minecraft:crafting_table":1,"minecraft:jungle_log":1},"minecraft:picked_up":{"minecraft:birch_log":10,"minecraft:crafting_table":4,"minecraft:feather":4,"minecraft:chicken":4,"minecraft:jungle_log":6,"minecraft:birch_planks":15,"minecraft:flint":1,"minecraft:dirt":7,"minecraft:cobbled_deepslate":2,"minecraft:light_gray_wool":1,"minecraft:birch_sapling":3,"minecraft:egg":2,"minecraft:furnace":3,"minecraft:raw_iron":19,"minecraft:stick":3,"minecraft:gravel":4,"minecraft:porkchop":3,"minecraft:diorite":6,"minecraft:rotten_flesh":2,"minecraft:black_wool":2,"minecraft:mutton":5,"minecraft:coal":50,"minecraft:cobblestone":39},"minecraft:crafted":{"minecraft:cooked_porkchop":3,"minecraft:crafting_table":2,"minecraft:baked_potato":22,"minecraft:wooden_pickaxe":2,"minecraft:cooked_chicken":4,"minecraft:furnace":2,"minecraft:birch_planks":40,"minecraft:stone_axe":1,"minecraft:cooked_mutton":2,"minecraft:air":0,"minecraft:jungle_planks":20,"minecraft:stick":16,"minecraft:stone_pickaxe":2,"minecraft:stone_sword":2,"minecraft:torch":16},"minecraft:mined":{"minecraft:jungle_leaves":1,"minecraft:crafting_table":3,"minecraft:short_grass":6,"minecraft:grass_block":2,"minecraft:jungle_log":5,"minecraft:tall_grass":2,"minecraft:sugar_cane":1,"minecraft:diorite":6,"minecraft:birch_planks":4,"minecraft:furnace":3,"minecraft:birch_log":10,"minecraft:iron_ore":19,"minecraft:birch_leaves":1,"minecraft:coal_ore":30,"minecraft:gravel":5,"minecraft:sand":1,"minecraft:dirt":5,"minecraft:stone":39},"minecraft:custom":{"minecraft:interact_with_furnace":17,"minecraft:mob_kills":11,"minecraft:interact_with_crafting_table":6,"minecraft:leave_game":6,"minecraft:time_since_death":44730,"minecraft:climb_one_cm":1389,"minecraft:time_since_rest":44762,"minecraft:sprint_one_cm":83311,"minecraft:damage_taken":756,"minecraft:walk_one_cm":43382,"minecraft:drop":4,"minecraft:damage_dealt":1287,"minecraft:swim_one_cm":13053,"minecraft:fly_one_cm":159465,"minecraft:open_chest":1,"minecraft:crouch_one_cm":2019,"minecraft:play_time":61600,"minecraft:deaths":1,"minecraft:sneak_time":1062,"minecraft:walk_under_water_one_cm":2939,"minecraft:jump":816,"minecraft:walk_on_water_one_cm":5569,"minecraft:total_world_time":61600,"minecraft:fall_one_cm":23334},"minecraft:killed":{"minecraft:pig":1,"minecraft:zombie_villager":1,"minecraft:creeper":1,"minecraft:sheep":3,"minecraft:skeleton":1,"minecraft:chicken":4},"minecraft:used":{"minecraft:cooked_mutton":2,"minecraft:diorite":4,"minecraft:stone_sword":29,"minecraft:birch_planks":8,"minecraft:stone_pickaxe":65,"minecraft:baked_potato":2,"minecraft:wooden_pickaxe":47,"minecraft:cooked_chicken":3,"minecraft:torch":10,"minecraft:dirt":7,"minecraft:crafting_table":4,"minecraft:gravel":4,"minecraft:stone_axe":12,"minecraft:furnace":4,"minecraft:cooked_porkchop":1,"minecraft:cobbled_deepslate":2}},"DataVersion":3839}