{"stats":{"minecraft:killed_by":{"minecraft:zombie":1},"minecraft:dropped":{"minecraft:cooked_chicken":1,"minecraft:baked_potato":20,"minecraft:stone_sword":1,"minecraft:diamond":22,"minecraft:crafting_table":1,"minecraft:cobblestone":1,"minecraft:jungle_log":1,"minecraft:wooden_pickaxe":1,"minecraft:stone_pickaxe":1},"minecraft:picked_up":{"minecraft:birch_log":10,"minecraft:crafting_table":4,"minecraft:feather":4,"minecraft:chicken":4,"minecraft:glow_ink_sac":1,"minecraft:jungle_log":6,"minecraft:birch_planks":15,"minecraft:flint":1,"minecraft:tuff":3,"minecraft:gunpowder":3,"minecraft:dirt":7,"minecraft:lapis_lazuli":26,"minecraft:string":3,"minecraft:raw_copper":4,"minecraft:bone":6,"minecraft:bow":1,"minecraft:wheat_seeds":7,"minecraft:cobbled_deepslate":77,"minecraft:light_gray_wool":1,"minecraft:birch_sapling":3,"minecraft:furnace":3,"minecraft:egg":2,"minecraft:stick":3,"minecraft:raw_iron":54,"minecraft:torch":2,"minecraft:gravel":5,"minecraft:porkchop":3,"minecraft:diorite":6,"minecraft:spider_eye":1,"minecraft:arrow":11,"minecraft:rotten_flesh":4,"minecraft:diamond":43,"minecraft:baked_potato":64,"minecraft:oak_sapling":1,"minecraft:netherrack":1,"minecraft:black_wool":2,"minecraft:mutton":5,"minecraft:coal":66,"minecraft:cobblestone":44},"minecraft:crafted":{"minecraft:cooked_porkchop":3,"minecraft:crafting_table":2,"minecraft:wooden_pickaxe":2,"minecraft:baked_potato":22,"minecraft:cooked_chicken":4,"minecraft:iron_sword":1,"minecraft:furnace":2,"minecraft:birch_planks":40,"minecraft:stone_axe":1,"minecraft:cooked_mutton":3,"minecraft:air":0,"minecraft:jungle_planks":20,"minecraft:iron_chestplate":1,"minecraft:stick":56,"minecraft:iron_pickaxe":1,"minecraft:stone_pickaxe":2,"minecraft:stone_sword":2,"minecraft:iron_leggings":1,"minecraft:torch":120},"minecraft:mined":{"minecraft:tuff":3,"minecraft:deepslate_diamond_ore":43,"minecraft:jungle_leaves":1,"minecraft:crafting_table":3,"minecraft:torch":1,"minecraft:short_grass":6,"minecraft:grass_block":2,"minecraft:jungle_log":5,"minecraft:copper_ore":1,"minecraft:tall_grass":2,"minecraft:lapis_ore":3,"minecraft:sugar_cane":1,"minecraft:diorite":6,"minecraft:deepslate_copper_ore":1,"minecraft:birch_planks":4,"minecraft:furnace":3,"minecraft:iron_ore":26,"minecraft:birch_log":10,"minecraft:cobbled_deepslate":2,"minecraft:fire":1,"minecraft:birch_leaves":1,"minecraft:deepslate_lapis_ore":1,"minecraft:coal_ore":46,"minecraft:deepslate_iron_ore":28,"minecraft:sand":1,"minecraft:gravel":6,"minecraft:dirt":5,"minecraft:cobweb":1,"minecraft:stone":44,"minecraft:netherrack":1,"minecraft:deepslate":72},"minecraft:custom":{"minecraft:interact_with_furnace":21,"minecraft:mob_kills":25,"minecraft:interact_with_crafting_table":10,"minecraft:leave_game":11,"minecraft:time_since_death":119556,"minecraft:climb_one_cm":1513,"minecraft:time_since_rest":119588,"minecraft:sprint_one_cm":295095,"minecraft:damage_taken":2100,"minecraft:walk_one_cm":166236,"minecraft:drop":9,"minecraft:damage_dealt":4605,"minecraft:swim_one_cm":29893,"minecraft:fly_one_cm":647380,"minecraft:open_chest":13,"minecraft:crouch_one_cm":8316,"minecraft:play_time":136426,"minecraft:deaths":1,"minecraft:sneak_time":4180,"minecraft:walk_under_water_one_cm":15095,"minecraft:jump":2975,"minecraft:walk_on_water_one_cm":22392,"minecraft:total_world_time":136426,"minecraft:fall_one_cm":87187},"minecraft:killed":{"minecraft:pig":1,"minecraft:zombie_villager":1,"minecraft:spider":2,"minecraft:creeper":3,"minecraft:skeleton":8,"minecraft:sheep":3,"minecraft:zombie":3,"minecraft:chicken":4},"minecraft:used":{"minecraft:cooked_mutton":3,"minecraft:diorite":4,"minecraft:stone_sword":31,"minecraft:flint_and_steel":1,"minecraft:birch_planks":8,"minecraft:stone_pickaxe":70,"minecraft:baked_potato":36,"minecraft:wooden_pickaxe":47,"minecraft:iron_sword":59,"minecraft:cooked_chicken":3,"minecraft:netherrack":1,"minecraft:torch":14,"minecraft:dirt":7,"minecraft:crafting_table":5,"minecraft:iron_pickaxe":180,"minecraft:gravel":4,"minecraft:stone_axe":12,"minecraft:furnace":4,"minecraft:cooked_porkchop":1,"minecraft:cobbled_deepslate":61}},"DataVersion":3839}