{"stats":{"minecraft:killed_by":{"minecraft:skeleton":2},"minecraft:picked_up":{"minecraft:crafting_table":1,"minecraft:cocoa_beans":6,"minecraft:iron_chestplate":2,"minecraft:wheat":1,"minecraft:string":6,"minecraft:iron_axe":2,"minecraft:iron_shovel":2,"minecraft:cobbled_deepslate":34,"minecraft:cobblestone_slab":1,"minecraft:chest":1,"minecraft:sugar_cane":48,"minecraft:iron_boots":2,"minecraft:raw_iron":57,"minecraft:sandstone":3,"minecraft:torch":24,"minecraft:porkchop":2,"minecraft:diorite":2,"minecraft:redstone":27,"minecraft:rotten_flesh":13,"minecraft:arrow":8,"minecraft:stone_sword":2,"minecraft:tropical_fish":9,"minecraft:hay_block":15,"minecraft:mutton":6,"minecraft:cobblestone":128,"minecraft:white_wool":4,"minecraft:birch_log":1,"minecraft:andesite":6,"minecraft:salmon":7,"minecraft:jungle_log":202,"minecraft:golden_leggings":2,"minecraft:potato":161,"minecraft:birch_planks":4,"minecraft:tuff":5,"minecraft:gunpowder":7,"minecraft:lapis_lazuli":47,"minecraft:dirt":153,"minecraft:bone":12,"minecraft:bow":1,"minecraft:wheat_seeds":13,"minecraft:raw_gold":15,"minecraft:stone_pickaxe":1,"minecraft:bamboo":14,"minecraft:iron_sword":1,"minecraft:cooked_porkchop":1,"minecraft:poisonous_potato":1,"minecraft:jungle_planks":2,"minecraft:sand":361,"minecraft:amethyst_shard":16,"minecraft:ink_sac":3,"minecraft:white_bed":1,"minecraft:spider_eye":1,"minecraft:stripped_jungle_log":1,"minecraft:diamond":17,"minecraft:iron_helmet":2,"minecraft:bone_meal":1,"minecraft:baked_potato":20,"minecraft:coal":47,"minecraft:ender_pearl":1},"minecraft:dropped":{"minecraft:stone_hoe":1,"minecraft:bread":23,"minecraft:birch_planks":4,"minecraft:wheat_seeds":9,"minecraft:cooked_porkchop":1,"minecraft:apple":5,"minecraft:jungle_planks":19,"minecraft:stripped_jungle_log":1,"minecraft:tropical_fish":9,"minecraft:dirt":5,"minecraft:wooden_axe":1,"minecraft:cooked_salmon":7,"minecraft:fire_charge":1,"minecraft:iron_shovel":1,"minecraft:string":6,"minecraft:white_wool":1,"minecraft:stone_axe":1,"minecraft:stone_sword":3,"minecraft:cobbled_deepslate":2,"minecraft:cocoa_beans":6,"minecraft:tuff":3,"minecraft:rotten_flesh":6,"minecraft:gunpowder":3,"minecraft:andesite":4,"minecraft:jungle_log":6,"minecraft:spider_eye":1,"minecraft:stone_pickaxe":1},"minecraft:crafted":{"minecraft:cobblestone_slab":102,"minecraft:stone_shovel":1,"minecraft:furnace":2,"minecraft:bone_meal":15,"minecraft:cooked_mutton":4,"minecraft:glass":193,"minecraft:iron_boots":1,"minecraft:iron_axe":1,"minecraft:iron_hoe":1,"minecraft:stone_pickaxe":1,"minecraft:chest":2,"minecraft:jungle_fence":15,"minecraft:stone_hoe":1,"minecraft:wheat":135,"minecraft:cooked_porkchop":1,"minecraft:crafting_table":2,"minecraft:iron_helmet":1,"minecraft:baked_potato":18,"minecraft:iron_sword":1,"minecraft:cooked_salmon":7,"minecraft:bucket":1,"minecraft:birch_planks":4,"minecraft:stone_axe":1,"minecraft:bread":45,"minecraft:air":0,"minecraft:jungle_planks":212,"minecraft:iron_chestplate":1,"minecraft:wooden_hoe":2,"minecraft:charcoal":124,"minecraft:shield":1,"minecraft:stick":68,"minecraft:iron_pickaxe":2,"minecraft:iron_ingot":55,"minecraft:wooden_axe":1,"minecraft:stone_sword":1,"minecraft:iron_shovel":2,"minecraft:sandstone":16,"minecraft:white_bed":1,"minecraft:torch":112},"minecraft:broken":{"minecraft:wooden_hoe":1,"minecraft:stone_shovel":1},"minecraft:custom":{"minecraft:mob_kills":55,"minecraft:interact_with_crafting_table":43,"minecraft:bell_ring":2,"minecraft:leave_game":3,"minecraft:time_since_death":76111,"minecraft:climb_one_cm":4912,"minecraft:sprint_one_cm":355525,"minecraft:walk_one_cm":485619,"minecraft:drop":40,"minecraft:play_time":173512,"minecraft:deaths":2,"minecraft:sneak_time":5365,"minecraft:walk_under_water_one_cm":51118,"minecraft:jump":3053,"minecraft:walk_on_water_one_cm":65104,"minecraft:total_world_time":173512,"minecraft:interact_with_furnace":135,"minecraft:sleep_in_bed":2,"minecraft:time_since_rest":28230,"minecraft:damage_taken":2465,"minecraft:damage_absorbed":40,"minecraft:damage_dealt":7864,"minecraft:swim_one_cm":117198,"minecraft:fly_one_cm":608299,"minecraft:player_kills":1,"minecraft:open_chest":21,"minecraft:crouch_one_cm":13868,"minecraft:fall_one_cm":56569},"minecraft:mined":{"minecraft:large_amethyst_bud":2,"minecraft:tuff":3,"minecraft:white_bed":1,"minecraft:deepslate_diamond_ore":17,"minecraft:jungle_leaves":30,"minecraft:grass_block":105,"minecraft:jungle_planks":2,"minecraft:jungle_log":202,"minecraft:sandstone":3,"minecraft:hay_block":16,"minecraft:iron_ore":38,"minecraft:fire":10,"minecraft:andesite":6,"minecraft:deepslate_lapis_ore":2,"minecraft:potatoes":46,"minecraft:deepslate_iron_ore":19,"minecraft:cobblestone_slab":1,"minecraft:vine":18,"minecraft:stripped_jungle_log":1,"minecraft:bamboo":1,"minecraft:stone":130,"minecraft:deepslate_redstone_ore":6,"minecraft:amethyst_cluster":4,"minecraft:crafting_table":1,"minecraft:torch":21,"minecraft:short_grass":17,"minecraft:chest":1,"minecraft:glass":1,"minecraft:tall_grass":2,"minecraft:lapis_ore":7,"minecraft:deepslate_gold_ore":5,"minecraft:sugar_cane":31,"minecraft:diorite":2,"minecraft:deepslate_copper_ore":1,"minecraft:seagrass":1,"minecraft:birch_planks":4,"minecraft:wheat":1,"minecraft:birch_leaves":3,"minecraft:coal_ore":47,"minecraft:sand":364,"minecraft:dirt":38,"minecraft:deepslate":27,"minecraft:fern":5},"minecraft:killed":{"minecraft:spider":2,"minecraft:skeleton":11,"minecraft:tropical_fish":10,"minecraft:pig":2,"minecraft:zombie_villager":1,"minecraft:salmon":8,"minecraft:creeper":5,"minecraft:sheep":4,"minecraft:zombie":10},"minecraft:used":{"minecraft:stone_sword":31,"minecraft:iron_shovel":337,"minecraft:flint_and_steel":30,"minecraft:stone_shovel":132,"minecraft:chest":3,"minecraft:iron_sword":147,"minecraft:stone_hoe":37,"minecraft:iron_chestplate":3,"minecraft:torch":126,"minecraft:dirt":114,"minecraft:jungle_planks":3,"minecraft:tuff":2,"minecraft:iron_hoe":8,"minecraft:glass":55,"minecraft:iron_axe":183,"minecraft:iron_helmet":3,"minecraft:iron_boots":3,"minecraft:bamboo":14,"minecraft:furnace":2,"minecraft:potato":131,"minecraft:cobbled_deepslate":12,"minecraft:cooked_mutton":4,"minecraft:water_bucket":5,"minecraft:baked_potato":23,"minecraft:stone_pickaxe":167,"minecraft:jungle_fence":8,"minecraft:sandstone":19,"minecraft:cobblestone_slab":97,"minecraft:sugar_cane":48,"minecraft:golden_apple":1,"minecraft:sand":70,"minecraft:crafting_table":3,"minecraft:white_bed":2,"minecraft:wooden_hoe":68,"minecraft:bread":23,"minecraft:iron_pickaxe":161,"minecraft:golden_leggings":3,"minecraft:stone_axe":74,"minecraft:cooked_porkchop":1,"minecraft:bucket":5,"minecraft:bone_meal":16}},"DataVersion":3839}