{"stats":{"minecraft:dropped":{"minecraft:bread":23,"minecraft:wheat_seeds":1,"minecraft:cocoa_beans":6,"minecraft:dirt":2,"minecraft:wooden_axe":1},"minecraft:picked_up":{"minecraft:birch_log":1,"minecraft:cocoa_beans":6,"minecraft:jungle_log":8,"minecraft:salmon":7,"minecraft:andesite":1,"minecraft:lapis_lazuli":27,"minecraft:dirt":39,"minecraft:wheat_seeds":1,"minecraft:cobbled_deepslate":2,"minecraft:stone_pickaxe":1,"minecraft:sugar_cane":9,"minecraft:raw_iron":27,"minecraft:sandstone":3,"minecraft:sand":107,"minecraft:rotten_flesh":1,"minecraft:hay_block":15,"minecraft:bone_meal":1,"minecraft:mutton":4,"minecraft:white_wool":3,"minecraft:cobblestone":12},"minecraft:crafted":{"minecraft:stone_shovel":1,"minecraft:crafting_table":2,"minecraft:birch_planks":4,"minecraft:bread":45,"minecraft:jungle_planks":32,"minecraft:stick":8,"minecraft:wooden_axe":1,"minecraft:stone_sword":1,"minecraft:white_bed":1,"minecraft:stone_hoe":1,"minecraft:wheat":135},"minecraft:broken":{"minecraft:stone_shovel":1},"minecraft:mined":{"minecraft:jungle_leaves":1,"minecraft:short_grass":1,"minecraft:grass_block":34,"minecraft:jungle_log":8,"minecraft:lapis_ore":3,"minecraft:sugar_cane":5,"minecraft:sandstone":3,"minecraft:hay_block":16,"minecraft:iron_ore":13,"minecraft:fire":2,"minecraft:birch_leaves":3,"minecraft:andesite":1,"minecraft:deepslate_lapis_ore":2,"minecraft:vine":4,"minecraft:deepslate_iron_ore":14,"minecraft:sand":109,"minecraft:dirt":6,"minecraft:stone":14,"minecraft:deepslate":2},"minecraft:custom":{"minecraft:mob_kills":14,"minecraft:interact_with_crafting_table":10,"minecraft:bell_ring":2,"minecraft:leave_game":1,"minecraft:time_since_death":28524,"minecraft:sleep_in_bed":1,"minecraft:climb_one_cm":1822,"minecraft:time_since_rest":8468,"minecraft:sprint_one_cm":74318,"minecraft:damage_taken":352,"minecraft:walk_one_cm":57568,"minecraft:drop":6,"minecraft:damage_dealt":1109,"minecraft:swim_one_cm":33482,"minecraft:fly_one_cm":150175,"minecraft:open_chest":3,"minecraft:crouch_one_cm":2241,"minecraft:play_time":28524,"minecraft:sneak_time":1043,"minecraft:walk_under_water_one_cm":9004,"minecraft:jump":693,"minecraft:walk_on_water_one_cm":22773,"minecraft:total_world_time":28524,"minecraft:fall_one_cm":13780},"minecraft:killed":{"minecraft:salmon":8,"minecraft:sheep":3,"minecraft:zombie":3},"minecraft:used":{"minecraft:stone_sword":26,"minecraft:flint_and_steel":30,"minecraft:stone_shovel":132,"minecraft:stone_pickaxe":52,"minecraft:sugar_cane":6,"minecraft:stone_hoe":37,"minecraft:dirt":37,"minecraft:sand":17,"minecraft:crafting_table":2,"minecraft:white_bed":1,"minecraft:bread":11,"minecraft:golden_leggings":1,"minecraft:potato":10,"minecraft:bone_meal":1}},"DataVersion":3839}