{"stats":{"minecraft:killed_by":{"minecraft:skeleton":2},"minecraft:picked_up":{"minecraft:crafting_table":1,"minecraft:cocoa_beans":6,"minecraft:iron_chestplate":2,"minecraft:wheat":1,"minecraft:gold_block":1,"minecraft:string":9,"minecraft:iron_axe":2,"minecraft:iron_shovel":2,"minecraft:sea_pickle":20,"minecraft:cobbled_deepslate":151,"minecraft:beef":4,"minecraft:cobblestone_slab":21,"minecraft:chest":1,"minecraft:sugar_cane":93,"minecraft:iron_boots":2,"minecraft:stick":2,"minecraft:raw_iron":92,"minecraft:sandstone":3,"minecraft:torch":47,"minecraft:porkchop":3,"minecraft:diorite":2,"minecraft:carrot":72,"minecraft:redstone":27,"minecraft:stone_sword":2,"minecraft:rotten_flesh":17,"minecraft:arrow":18,"minecraft:tropical_fish":9,"minecraft:hay_block":15,"minecraft:obsidian":6,"minecraft:mutton":6,"minecraft:white_wool":4,"minecraft:cobblestone":294,"minecraft:birch_log":1,"minecraft:andesite":6,"minecraft:salmon":7,"minecraft:jungle_log":210,"minecraft:leather":3,"minecraft:golden_leggings":2,"minecraft:potato":335,"minecraft:birch_planks":4,"minecraft:oak_log":13,"minecraft:tuff":5,"minecraft:yellow_bed":1,"minecraft:gunpowder":8,"minecraft:lapis_lazuli":82,"minecraft:dirt":434,"minecraft:white_banner":2,"minecraft:bone":20,"minecraft:kelp":9,"minecraft:stonecutter":1,"minecraft:bow":3,"minecraft:wheat_seeds":27,"minecraft:raw_gold":15,"minecraft:stone_pickaxe":1,"minecraft:bamboo":14,"minecraft:flowering_azalea":1,"minecraft:iron_sword":1,"minecraft:cooked_porkchop":1,"minecraft:poisonous_potato":3,"minecraft:sand":739,"minecraft:jungle_planks":2,"minecraft:amethyst_shard":16,"minecraft:ink_sac":3,"minecraft:white_bed":5,"minecraft:spider_eye":1,"minecraft:stripped_jungle_log":1,"minecraft:diamond":32,"minecraft:iron_helmet":2,"minecraft:granite":1,"minecraft:bone_meal":1,"minecraft:baked_potato":20,"minecraft:oak_sapling":2,"minecraft:coal":47,"minecraft:ender_pearl":1},"minecraft:dropped":{"minecraft:stone_hoe":1,"minecraft:bread":23,"minecraft:birch_planks":4,"minecraft:wheat_seeds":23,"minecraft:baked_potato":64,"minecraft:cooked_porkchop":1,"minecraft:poisonous_potato":2,"minecraft:apple":5,"minecraft:granite":1,"minecraft:jungle_planks":19,"minecraft:stripped_jungle_log":1,"minecraft:tropical_fish":9,"minecraft:stick":1,"minecraft:dirt":5,"minecraft:wooden_axe":1,"minecraft:cooked_salmon":7,"minecraft:fire_charge":1,"minecraft:white_banner":1,"minecraft:iron_shovel":2,"minecraft:string":6,"minecraft:white_wool":1,"minecraft:stone_axe":1,"minecraft:goat_horn":1,"minecraft:stone_sword":3,"minecraft:cobbled_deepslate":2,"minecraft:cocoa_beans":6,"minecraft:tuff":3,"minecraft:wheat":1,"minecraft:rotten_flesh":7,"minecraft:gunpowder":3,"minecraft:andesite":4,"minecraft:jungle_log":6,"minecraft:oak_sapling":1,"minecraft:spider_eye":1,"minecraft:stone_pickaxe":1},"minecraft:crafted":{"minecraft:cobblestone_slab":162,"minecraft:stone_shovel":1,"minecraft:furnace":2,"minecraft:diamond_shovel":1,"minecraft:bone_meal":60,"minecraft:cooked_mutton":6,"minecraft:glass":202,"minecraft:diamond_leggings":1,"minecraft:bow":1,"minecraft:iron_boots":1,"minecraft:iron_axe":1,"minecraft:iron_hoe":1,"minecraft:stone_pickaxe":1,"minecraft:chest":2,"minecraft:jungle_fence":24,"minecraft:stone_hoe":1,"minecraft:wheat":135,"minecraft:diamond_sword":1,"minecraft:cooked_porkchop":1,"minecraft:diamond_axe":1,"minecraft:crafting_table":2,"minecraft:iron_helmet":1,"minecraft:baked_potato":134,"minecraft:iron_sword":1,"minecraft:cooked_salmon":7,"minecraft:bucket":1,"minecraft:birch_planks":4,"minecraft:stone_axe":1,"minecraft:bread":45,"minecraft:air":0,"minecraft:jungle_planks":244,"minecraft:diamond_pickaxe":1,"minecraft:iron_chestplate":1,"minecraft:wooden_hoe":2,"minecraft:charcoal":124,"minecraft:shield":1,"minecraft:stick":88,"minecraft:iron_ingot":57,"minecraft:iron_pickaxe":2,"minecraft:wooden_axe":1,"minecraft:stone_sword":1,"minecraft:iron_shovel":2,"minecraft:sandstone":62,"minecraft:white_bed":1,"minecraft:torch":140},"minecraft:broken":{"minecraft:golden_leggings":1,"minecraft:wooden_hoe":1,"minecraft:stone_shovel":1},"minecraft:custom":{"minecraft:mob_kills":95,"minecraft:interact_with_crafting_table":55,"minecraft:open_barrel":4,"minecraft:bell_ring":2,"minecraft:leave_game":4,"minecraft:time_since_death":219438,"minecraft:climb_one_cm":7039,"minecraft:sprint_one_cm":716806,"minecraft:walk_one_cm":826732,"minecraft:damage_blocked_by_shield":505,"minecraft:drop":54,"minecraft:play_time":316839,"minecraft:sneak_time":8962,"minecraft:deaths":2,"minecraft:walk_under_water_one_cm":67042,"minecraft:jump":5907,"minecraft:walk_on_water_one_cm":117276,"minecraft:total_world_time":316839,"minecraft:interact_with_furnace":176,"minecraft:interact_with_cartography_table":1,"minecraft:raid_trigger":1,"minecraft:sleep_in_bed":3,"minecraft:time_since_rest":49507,"minecraft:damage_taken":4065,"minecraft:damage_absorbed":40,"minecraft:damage_dealt":15604,"minecraft:player_kills":1,"minecraft:swim_one_cm":275267,"minecraft:fly_one_cm":1333255,"minecraft:open_chest":59,"minecraft:crouch_one_cm":28249,"minecraft:fall_one_cm":134324,"minecraft:horse_one_cm":1704},"minecraft:mined":{"minecraft:large_amethyst_bud":2,"minecraft:tuff":3,"minecraft:white_bed":5,"minecraft:deepslate_diamond_ore":34,"minecraft:fire_coral_wall_fan":1,"minecraft:jungle_leaves":30,"minecraft:obsidian":7,"minecraft:glow_lichen":1,"minecraft:granite":1,"minecraft:grass_block":363,"minecraft:jungle_planks":2,"minecraft:jungle_log":210,"minecraft:sandstone":3,"minecraft:hay_block":16,"minecraft:carrots":21,"minecraft:iron_ore":46,"minecraft:fire":11,"minecraft:andesite":6,"minecraft:deepslate_lapis_ore":9,"minecraft:gold_block":1,"minecraft:flowering_azalea_leaves":7,"minecraft:potatoes":95,"minecraft:deepslate_iron_ore":46,"minecraft:cobblestone_slab":21,"minecraft:vine":27,"minecraft:stripped_jungle_log":1,"minecraft:azalea_leaves":13,"minecraft:bamboo":1,"minecraft:stone":298,"minecraft:deepslate_redstone_ore":6,"minecraft:amethyst_cluster":4,"minecraft:crafting_table":1,"minecraft:torch":22,"minecraft:short_grass":41,"minecraft:chest":1,"minecraft:dead_bush":1,"minecraft:glass":1,"minecraft:tall_grass":2,"minecraft:lapis_ore":7,"minecraft:deepslate_gold_ore":5,"minecraft:sugar_cane":56,"minecraft:diorite":2,"minecraft:wall_torch":3,"minecraft:deepslate_copper_ore":1,"minecraft:seagrass":1,"minecraft:birch_planks":4,"minecraft:sea_pickle":7,"minecraft:wheat":3,"minecraft:birch_leaves":3,"minecraft:yellow_bed":1,"minecraft:oak_log":14,"minecraft:coal_ore":47,"minecraft:sand":744,"minecraft:dirt":64,"minecraft:stonecutter":1,"minecraft:oak_leaves":11,"minecraft:deepslate":139,"minecraft:fern":11},"minecraft:killed":{"minecraft:armadillo":3,"minecraft:witch":1,"minecraft:spider":6,"minecraft:skeleton":23,"minecraft:tropical_fish":10,"minecraft:pig":3,"minecraft:zombie_villager":2,"minecraft:salmon":8,"minecraft:creeper":5,"minecraft:sheep":4,"minecraft:pillager":4,"minecraft:zombie":21,"minecraft:cow":2},"minecraft:used":{"minecraft:stone_sword":31,"minecraft:iron_shovel":348,"minecraft:flint_and_steel":30,"minecraft:stone_shovel":132,"minecraft:chest":3,"minecraft:shield":15,"minecraft:iron_sword":147,"minecraft:stone_hoe":37,"minecraft:iron_chestplate":3,"minecraft:torch":177,"minecraft:dirt":341,"minecraft:jungle_planks":3,"minecraft:carrot":72,"minecraft:tuff":2,"minecraft:iron_hoe":106,"minecraft:glass":125,"minecraft:iron_axe":196,"minecraft:iron_helmet":3,"minecraft:iron_boots":3,"minecraft:bamboo":14,"minecraft:bow":3,"minecraft:goat_horn":2,"minecraft:furnace":2,"minecraft:potato":189,"minecraft:cobbled_deepslate":12,"minecraft:cooked_mutton":4,"minecraft:water_bucket":5,"minecraft:baked_potato":74,"minecraft:stone_pickaxe":167,"minecraft:jungle_fence":12,"minecraft:sandstone":65,"minecraft:diamond_axe":43,"minecraft:cobblestone_slab":179,"minecraft:sugar_cane":49,"minecraft:golden_apple":1,"minecraft:sand":165,"minecraft:crafting_table":3,"minecraft:white_bed":6,"minecraft:oak_log":5,"minecraft:wooden_hoe":68,"minecraft:diamond_pickaxe":377,"minecraft:diamond_shovel":676,"minecraft:iron_pickaxe":161,"minecraft:bread":23,"minecraft:golden_leggings":3,"minecraft:stone_axe":74,"minecraft:diamond_sword":149,"minecraft:white_banner":1,"minecraft:cooked_porkchop":1,"minecraft:bucket":5,"minecraft:yellow_bed":1,"minecraft:diamond_leggings":1,"minecraft:bone_meal":61}},"DataVersion":3839}