{"stats":{"minecraft:killed_by":{"minecraft:skeleton":2},"minecraft:picked_up":{"minecraft:crafting_table":1,"minecraft:cocoa_beans":6,"minecraft:iron_chestplate":2,"minecraft:string":6,"minecraft:iron_axe":2,"minecraft:iron_shovel":2,"minecraft:cobbled_deepslate":18,"minecraft:cobblestone_slab":1,"minecraft:chest":1,"minecraft:sugar_cane":48,"minecraft:iron_boots":2,"minecraft:raw_iron":55,"minecraft:sandstone":3,"minecraft:torch":20,"minecraft:porkchop":2,"minecraft:diorite":2,"minecraft:rotten_flesh":6,"minecraft:arrow":6,"minecraft:stone_sword":2,"minecraft:tropical_fish":9,"minecraft:hay_block":15,"minecraft:mutton":6,"minecraft:cobblestone":123,"minecraft:white_wool":4,"minecraft:birch_log":1,"minecraft:andesite":6,"minecraft:salmon":7,"minecraft:jungle_log":202,"minecraft:golden_leggings":2,"minecraft:potato":78,"minecraft:birch_planks":4,"minecraft:gunpowder":7,"minecraft:lapis_lazuli":47,"minecraft:dirt":148,"minecraft:bone":11,"minecraft:bow":1,"minecraft:wheat_seeds":9,"minecraft:raw_gold":15,"minecraft:stone_pickaxe":1,"minecraft:bamboo":14,"minecraft:iron_sword":1,"minecraft:cooked_porkchop":1,"minecraft:jungle_planks":2,"minecraft:sand":361,"minecraft:ink_sac":3,"minecraft:white_bed":1,"minecraft:spider_eye":1,"minecraft:stripped_jungle_log":1,"minecraft:iron_helmet":2,"minecraft:bone_meal":1,"minecraft:baked_potato":20,"minecraft:coal":47},"minecraft:dropped":{"minecraft:stone_hoe":1,"minecraft:bread":23,"minecraft:birch_planks":4,"minecraft:wheat_seeds":9,"minecraft:cooked_porkchop":1,"minecraft:apple":5,"minecraft:jungle_planks":19,"minecraft:stripped_jungle_log":1,"minecraft:tropical_fish":9,"minecraft:dirt":3,"minecraft:wooden_axe":1,"minecraft:cooked_salmon":7,"minecraft:fire_charge":1,"minecraft:iron_shovel":1,"minecraft:string":6,"minecraft:white_wool":1,"minecraft:stone_axe":1,"minecraft:stone_sword":3,"minecraft:cobbled_deepslate":2,"minecraft:cocoa_beans":6,"minecraft:rotten_flesh":6,"minecraft:gunpowder":3,"minecraft:andesite":4,"minecraft:jungle_log":6,"minecraft:spider_eye":1,"minecraft:stone_pickaxe":1},"minecraft:crafted":{"minecraft:cobblestone_slab":102,"minecraft:stone_shovel":1,"minecraft:furnace":2,"minecraft:bone_meal":12,"minecraft:cooked_mutton":4,"minecraft:glass":193,"minecraft:iron_boots":1,"minecraft:iron_axe":1,"minecraft:stone_pickaxe":1,"minecraft:chest":2,"minecraft:jungle_fence":15,"minecraft:stone_hoe":1,"minecraft:wheat":135,"minecraft:cooked_porkchop":1,"minecraft:crafting_table":2,"minecraft:baked_potato":18,"minecraft:iron_helmet":1,"minecraft:iron_sword":1,"minecraft:cooked_salmon":7,"minecraft:birch_planks":4,"minecraft:stone_axe":1,"minecraft:bread":45,"minecraft:air":0,"minecraft:jungle_planks":212,"minecraft:iron_chestplate":1,"minecraft:wooden_hoe":2,"minecraft:charcoal":124,"minecraft:stick":64,"minecraft:iron_pickaxe":1,"minecraft:iron_ingot":27,"minecraft:wooden_axe":1,"minecraft:stone_sword":1,"minecraft:iron_shovel":2,"minecraft:sandstone":16,"minecraft:white_bed":1,"minecraft:torch":112},"minecraft:broken":{"minecraft:wooden_hoe":1,"minecraft:stone_shovel":1},"minecraft:custom":{"minecraft:mob_kills":48,"minecraft:interact_with_crafting_table":38,"minecraft:bell_ring":2,"minecraft:leave_game":3,"minecraft:time_since_death":29243,"minecraft:climb_one_cm":4912,"minecraft:sprint_one_cm":276730,"minecraft:walk_one_cm":392220,"minecraft:drop":37,"minecraft:play_time":126644,"minecraft:deaths":2,"minecraft:sneak_time":4299,"minecraft:walk_under_water_one_cm":38427,"minecraft:jump":2482,"minecraft:walk_on_water_one_cm":53801,"minecraft:total_world_time":126644,"minecraft:interact_with_furnace":125,"minecraft:sleep_in_bed":1,"minecraft:time_since_rest":29267,"minecraft:damage_taken":2060,"minecraft:damage_absorbed":40,"minecraft:damage_dealt":6094,"minecraft:swim_one_cm":91574,"minecraft:fly_one_cm":540630,"minecraft:player_kills":1,"minecraft:open_chest":13,"minecraft:crouch_one_cm":10624,"minecraft:fall_one_cm":44555},"minecraft:mined":{"minecraft:white_bed":1,"minecraft:jungle_leaves":30,"minecraft:grass_block":104,"minecraft:jungle_planks":2,"minecraft:jungle_log":202,"minecraft:sandstone":3,"minecraft:hay_block":16,"minecraft:iron_ore":38,"minecraft:fire":10,"minecraft:andesite":6,"minecraft:deepslate_lapis_ore":2,"minecraft:potatoes":24,"minecraft:deepslate_iron_ore":17,"minecraft:cobblestone_slab":1,"minecraft:vine":18,"minecraft:stripped_jungle_log":1,"minecraft:bamboo":1,"minecraft:stone":125,"minecraft:crafting_table":1,"minecraft:torch":17,"minecraft:short_grass":17,"minecraft:chest":1,"minecraft:glass":1,"minecraft:tall_grass":2,"minecraft:lapis_ore":7,"minecraft:deepslate_gold_ore":5,"minecraft:sugar_cane":31,"minecraft:diorite":2,"minecraft:seagrass":1,"minecraft:birch_planks":4,"minecraft:birch_leaves":3,"minecraft:coal_ore":47,"minecraft:sand":364,"minecraft:dirt":35,"minecraft:deepslate":8,"minecraft:fern":5},"minecraft:killed":{"minecraft:spider":2,"minecraft:skeleton":10,"minecraft:tropical_fish":10,"minecraft:pig":2,"minecraft:zombie_villager":1,"minecraft:salmon":8,"minecraft:creeper":4,"minecraft:sheep":4,"minecraft:zombie":6},"minecraft:used":{"minecraft:stone_sword":31,"minecraft:iron_shovel":337,"minecraft:flint_and_steel":30,"minecraft:stone_shovel":132,"minecraft:chest":3,"minecraft:iron_sword":115,"minecraft:stone_hoe":37,"minecraft:iron_chestplate":3,"minecraft:torch":116,"minecraft:dirt":114,"minecraft:jungle_planks":3,"minecraft:glass":55,"minecraft:iron_axe":183,"minecraft:iron_helmet":3,"minecraft:iron_boots":3,"minecraft:bamboo":14,"minecraft:furnace":2,"minecraft:potato":48,"minecraft:cobbled_deepslate":3,"minecraft:cooked_mutton":4,"minecraft:baked_potato":10,"minecraft:stone_pickaxe":162,"minecraft:jungle_fence":8,"minecraft:sandstone":19,"minecraft:cobblestone_slab":97,"minecraft:sugar_cane":48,"minecraft:golden_apple":1,"minecraft:sand":70,"minecraft:crafting_table":3,"minecraft:white_bed":2,"minecraft:wooden_hoe":68,"minecraft:bread":23,"minecraft:iron_pickaxe":106,"minecraft:golden_leggings":3,"minecraft:stone_axe":74,"minecraft:cooked_porkchop":1,"minecraft:bone_meal":13}},"DataVersion":3839}