{"stats":{"minecraft:picked_up":{"minecraft:birch_log":18,"minecraft:crafting_table":2,"minecraft:andesite":1,"minecraft:jungle_log":13,"minecraft:dirt":1,"minecraft:diamond":22,"minecraft:wheat_seeds":1,"minecraft:rabbit_hide":1,"minecraft:gray_wool":1,"minecraft:rabbit":2,"minecraft:black_wool":1,"minecraft:mutton":6,"minecraft:coal":41,"minecraft:white_wool":2,"minecraft:cobblestone":31},"minecraft:crafted":{"minecraft:diamond_sword":1,"minecraft:diamond_leggings":1,"minecraft:diamond_pickaxe":1,"minecraft:crafting_table":1,"minecraft:stick":18,"minecraft:iron_ingot":5,"minecraft:wooden_pickaxe":1,"minecraft:stone_pickaxe":1,"minecraft:wooden_axe":1,"minecraft:stone_sword":1,"minecraft:birch_planks":70,"minecraft:stone_axe":1,"minecraft:diamond_chestplate":1},"minecraft:mined":{"minecraft:birch_log":18,"minecraft:andesite":1,"minecraft:birch_leaves":1,"minecraft:crafting_table":2,"minecraft:short_grass":1,"minecraft:coal_ore":41,"minecraft:vine":3,"minecraft:jungle_log":14,"minecraft:dirt":1,"minecraft:stone":32,"minecraft:fern":1},"minecraft:custom":{"minecraft:time_since_rest":14828,"minecraft:sprint_one_cm":36999,"minecraft:interact_with_furnace":4,"minecraft:damage_taken":30,"minecraft:walk_one_cm":41112,"minecraft:mob_kills":6,"minecraft:damage_dealt":370,"minecraft:interact_with_crafting_table":3,"minecraft:fly_one_cm":46622,"minecraft:open_chest":2,"minecraft:play_time":14828,"minecraft:jump":242,"minecraft:interact_with_blast_furnace":1,"minecraft:leave_game":2,"minecraft:time_since_death":14828,"minecraft:walk_on_water_one_cm":160,"minecraft:climb_one_cm":166,"minecraft:total_world_time":14828,"minecraft:interact_with_smoker":1,"minecraft:fall_one_cm":6996},"minecraft:killed":{"minecraft:sheep":4,"minecraft:rabbit":2},"minecraft:used":{"minecraft:wooden_axe":18,"minecraft:diamond_pickaxe":22,"minecraft:stone_pickaxe":20,"minecraft:wooden_pickaxe":33,"minecraft:stone_axe":1,"minecraft:diamond_sword":12,"minecraft:crafting_table":2}},"DataVersion":3839}