{"stats":{"minecraft:picked_up":{"minecraft:dark_oak_sapling":2,"minecraft:stick":4,"minecraft:crafting_table":2,"minecraft:porkchop":3,"minecraft:sand":1,"minecraft:dark_oak_log":75,"minecraft:apple":1,"minecraft:coal":14,"minecraft:cobblestone":46},"minecraft:crafted":{"minecraft:crafting_table":1,"minecraft:stick":16,"minecraft:wooden_pickaxe":3,"minecraft:stone_pickaxe":3,"minecraft:wooden_axe":1,"minecraft:furnace":1,"minecraft:dark_oak_planks":300,"minecraft:stone_axe":1},"minecraft:mined":{"minecraft:dark_oak_leaves":7,"minecraft:dark_oak_log":75,"minecraft:crafting_table":2,"minecraft:coal_ore":14,"minecraft:sand":1,"minecraft:stone":46},"minecraft:custom":{"minecraft:time_since_rest":19949,"minecraft:sprint_one_cm":36689,"minecraft:damage_taken":200,"minecraft:walk_one_cm":23319,"minecraft:mob_kills":2,"minecraft:damage_dealt":310,"minecraft:interact_with_cartography_table":1,"minecraft:interact_with_crafting_table":3,"minecraft:swim_one_cm":6885,"minecraft:talked_to_villager":1,"minecraft:fly_one_cm":76960,"minecraft:open_chest":5,"minecraft:crouch_one_cm":9810,"minecraft:play_time":19949,"minecraft:sneak_time":4178,"minecraft:walk_under_water_one_cm":258,"minecraft:jump":329,"minecraft:leave_game":1,"minecraft:time_since_death":19949,"minecraft:walk_on_water_one_cm":1494,"minecraft:total_world_time":19949,"minecraft:fall_one_cm":8790},"minecraft:killed":{"minecraft:zombie":1,"minecraft:pig":1},"minecraft:used":{"minecraft:wooden_axe":38,"minecraft:apple":1,"minecraft:stone_pickaxe":24,"minecraft:wooden_pickaxe":37,"minecraft:stone_axe":5,"minecraft:crafting_table":2}},"DataVersion":3839}