{"stats":{"minecraft:killed_by":{"minecraft:skeleton":1},"minecraft:dropped":{"minecraft:stone_pickaxe":1,"minecraft:wooden_pickaxe":1},"minecraft:picked_up":{"minecraft:birch_log":16,"minecraft:cocoa_beans":3,"minecraft:crafting_table":8,"minecraft:feather":2,"minecraft:chicken":2,"minecraft:cut_sandstone":16,"minecraft:wooden_pickaxe":1,"minecraft:enchanted_book":1,"minecraft:oak_log":50,"minecraft:gunpowder":5,"minecraft:raw_copper":3,"minecraft:cooked_salmon":7,"minecraft:bone":15,"minecraft:rabbit_hide":1,"minecraft:rabbit":1,"minecraft:furnace":5,"minecraft:egg":2,"minecraft:stick":2,"minecraft:raw_iron":7,"minecraft:sandstone":50,"minecraft:dandelion":1,"minecraft:sand":12,"minecraft:porkchop":8,"minecraft:diorite":8,"minecraft:blue_terracotta":1,"minecraft:rotten_flesh":12,"minecraft:tropical_fish":9,"minecraft:bread":23,"minecraft:oak_sapling":3,"minecraft:mutton":9,"minecraft:coal":55,"minecraft:white_wool":5,"minecraft:cobblestone":204},"minecraft:crafted":{"minecraft:oak_planks":128,"minecraft:cooked_porkchop":8,"minecraft:crafting_table":3,"minecraft:wooden_pickaxe":2,"minecraft:cooked_chicken":1,"minecraft:iron_sword":1,"minecraft:furnace":2,"minecraft:birch_planks":32,"minecraft:stone_axe":1,"minecraft:cooked_mutton":3,"minecraft:stick":32,"minecraft:iron_ingot":5,"minecraft:iron_pickaxe":1,"minecraft:stone_pickaxe":5,"minecraft:wooden_axe":1,"minecraft:stone_sword":1,"minecraft:torch":8},"minecraft:broken":{"minecraft:stone_pickaxe":1},"minecraft:mined":{"minecraft:crafting_table":8,"minecraft:short_grass":3,"minecraft:copper_ore":1,"minecraft:blue_terracotta":1,"minecraft:furnace":5,"minecraft:birch_log":17,"minecraft:iron_ore":7,"minecraft:oak_log":51,"minecraft:coal_ore":58,"minecraft:cocoa":1,"minecraft:stone":163,"minecraft:oak_leaves":1},"minecraft:custom":{"minecraft:interact_with_furnace":20,"minecraft:mob_kills":13,"minecraft:interact_with_crafting_table":20,"minecraft:leave_game":2,"minecraft:time_since_death":43022,"minecraft:climb_one_cm":2286,"minecraft:time_since_rest":43209,"minecraft:sprint_one_cm":174226,"minecraft:damage_taken":763,"minecraft:walk_one_cm":155984,"minecraft:drop":2,"minecraft:damage_dealt":1154,"minecraft:swim_one_cm":24468,"minecraft:fly_one_cm":160780,"minecraft:open_chest":1,"minecraft:crouch_one_cm":2027,"minecraft:play_time":70466,"minecraft:deaths":2,"minecraft:sneak_time":448,"minecraft:walk_under_water_one_cm":8998,"minecraft:jump":832,"minecraft:walk_on_water_one_cm":13200,"minecraft:total_world_time":70466,"minecraft:fall_one_cm":19545},"minecraft:killed":{"minecraft:pig":3,"minecraft:rabbit":1,"minecraft:sheep":5,"minecraft:zombie":1,"minecraft:chicken":2},"minecraft:used":{"minecraft:stone_sword":12,"minecraft:tropical_fish":1,"minecraft:stone_pickaxe":173,"minecraft:wooden_pickaxe":39,"minecraft:sandstone":21,"minecraft:iron_sword":10,"minecraft:cooked_salmon":2,"minecraft:torch":5,"minecraft:crafting_table":9,"minecraft:wooden_axe":16,"minecraft:bread":2,"minecraft:iron_pickaxe":55,"minecraft:stone_axe":1,"minecraft:cobblestone":10,"minecraft:furnace":5,"minecraft:cooked_porkchop":2,"minecraft:birch_log":1}},"DataVersion":3839}