{"stats":{"minecraft:killed_by":{"minecraft:skeleton":1},"minecraft:dropped":{"minecraft:stone_pickaxe":1},"minecraft:picked_up":{"minecraft:birch_log":9,"minecraft:sandstone":50,"minecraft:cocoa_beans":3,"minecraft:crafting_table":6,"minecraft:stick":2,"minecraft:raw_iron":2,"minecraft:feather":1,"minecraft:chicken":1,"minecraft:cut_sandstone":16,"minecraft:enchanted_book":1,"minecraft:sand":11,"minecraft:oak_log":26,"minecraft:diorite":8,"minecraft:gunpowder":5,"minecraft:bone":15,"minecraft:blue_terracotta":1,"minecraft:rotten_flesh":12,"minecraft:rabbit_hide":1,"minecraft:bread":23,"minecraft:rabbit":1,"minecraft:oak_sapling":3,"minecraft:mutton":6,"minecraft:egg":1,"minecraft:white_wool":3,"minecraft:cobblestone":101,"minecraft:furnace":1},"minecraft:crafted":{"minecraft:oak_planks":32,"minecraft:crafting_table":2,"minecraft:stick":20,"minecraft:wooden_pickaxe":1,"minecraft:stone_pickaxe":3,"minecraft:wooden_axe":1,"minecraft:stone_sword":1,"minecraft:furnace":1,"minecraft:birch_planks":32,"minecraft:stone_axe":1},"minecraft:mined":{"minecraft:blue_terracotta":1,"minecraft:furnace":1,"minecraft:birch_log":10,"minecraft:iron_ore":2,"minecraft:crafting_table":6,"minecraft:oak_log":27,"minecraft:cocoa":1,"minecraft:stone":52},"minecraft:custom":{"minecraft:time_since_rest":517,"minecraft:sprint_one_cm":86610,"minecraft:interact_with_furnace":1,"minecraft:damage_taken":563,"minecraft:walk_one_cm":68464,"minecraft:mob_kills":6,"minecraft:drop":1,"minecraft:damage_dealt":509,"minecraft:swim_one_cm":11153,"minecraft:interact_with_crafting_table":6,"minecraft:fly_one_cm":76111,"minecraft:open_chest":1,"minecraft:crouch_one_cm":197,"minecraft:deaths":2,"minecraft:play_time":27774,"minecraft:sneak_time":73,"minecraft:walk_under_water_one_cm":2626,"minecraft:jump":395,"minecraft:leave_game":1,"minecraft:walk_on_water_one_cm":6919,"minecraft:time_since_death":330,"minecraft:total_world_time":27774,"minecraft:climb_one_cm":626,"minecraft:fall_one_cm":10933},"minecraft:killed":{"minecraft:sheep":3,"minecraft:zombie":1,"minecraft:chicken":1,"minecraft:rabbit":1},"minecraft:used":{"minecraft:wooden_axe":16,"minecraft:stone_sword":12,"minecraft:bread":2,"minecraft:stone_pickaxe":44,"minecraft:wooden_pickaxe":17,"minecraft:sandstone":21,"minecraft:stone_axe":1,"minecraft:crafting_table":6,"minecraft:furnace":1,"minecraft:birch_log":1}},"DataVersion":3839}