{"stats":{"minecraft:dropped":{"minecraft:birch_sapling":1},"minecraft:picked_up":{"minecraft:birch_log":12,"minecraft:stick":1,"minecraft:crafting_table":1,"minecraft:iron_chestplate":1,"minecraft:cooked_beef":3,"minecraft:water_bucket":1,"minecraft:leather":1,"minecraft:dark_oak_boat":1,"minecraft:shield":1,"minecraft:iron_axe":1,"minecraft:iron_leggings":1,"minecraft:diamond_shovel":1,"minecraft:arrow":9,"minecraft:bow":1,"minecraft:iron_helmet":1,"minecraft:beef":1,"minecraft:birch_sapling":1,"minecraft:iron_sword":1,"minecraft:iron_boots":1,"minecraft:cobblestone":27,"minecraft:diamond_pickaxe":1},"minecraft:crafted":{"minecraft:cooked_beef":1,"minecraft:raw_iron":324,"minecraft:air":0},"minecraft:mined":{"minecraft:birch_log":12,"minecraft:birch_leaves":5,"minecraft:short_grass":1},"minecraft:custom":{"minecraft:time_since_rest":9902,"minecraft:interact_with_furnace":7,"minecraft:sprint_one_cm":19759,"minecraft:damage_taken":36,"minecraft:walk_one_cm":18039,"minecraft:mob_kills":1,"minecraft:drop":1,"minecraft:damage_dealt":100,"minecraft:fly_one_cm":28284,"minecraft:open_chest":16,"minecraft:crouch_one_cm":1131,"minecraft:play_time":9902,"minecraft:sneak_time":307,"minecraft:jump":206,"minecraft:interact_with_blast_furnace":3,"minecraft:leave_game":2,"minecraft:time_since_death":9902,"minecraft:total_world_time":9902,"minecraft:fall_one_cm":6710},"minecraft:killed":{"minecraft:cow":1},"minecraft:used":{"minecraft:cooked_beef":2}},"DataVersion":3839}