{"stats":{"minecraft:killed_by":{"minecraft:player":1,"minecraft:skeleton":3,"minecraft:zombie":1},"minecraft:dropped":{"minecraft:sand":1},"minecraft:picked_up":{"minecraft:glow_ink_sac":1,"minecraft:cooked_porkchop":1,"minecraft:torch":1,"minecraft:potato":1,"minecraft:sand":13,"minecraft:oak_log":2,"minecraft:dirt":2,"minecraft:apple":5,"minecraft:wheat_seeds":1,"minecraft:cobbled_deepslate":4,"minecraft:cooked_chicken":1,"minecraft:white_wool":1,"minecraft:cobblestone":3},"minecraft:crafted":{"minecraft:glass":8,"minecraft:oak_planks":8,"minecraft:charcoal":19,"minecraft:cooked_porkchop":1,"minecraft:stick":4,"minecraft:wooden_pickaxe":1,"minecraft:cooked_mutton":2},"minecraft:mined":{"minecraft:fire":58,"minecraft:torch":1,"minecraft:short_grass":5,"minecraft:grass_block":1,"minecraft:oak_log":2,"minecraft:sand":14,"minecraft:stone":3,"minecraft:deepslate":4,"minecraft:fern":5},"minecraft:custom":{"minecraft:time_since_rest":3628,"minecraft:interact_with_furnace":8,"minecraft:sprint_one_cm":119774,"minecraft:damage_taken":1386,"minecraft:walk_one_cm":108674,"minecraft:drop":1,"minecraft:damage_dealt":73,"minecraft:swim_one_cm":23466,"minecraft:interact_with_crafting_table":1,"minecraft:fly_one_cm":28420,"minecraft:open_chest":1,"minecraft:crouch_one_cm":3732,"minecraft:play_time":22158,"minecraft:deaths":5,"minecraft:sneak_time":768,"minecraft:walk_under_water_one_cm":8235,"minecraft:jump":270,"minecraft:leave_game":1,"minecraft:walk_on_water_one_cm":18570,"minecraft:time_since_death":3584,"minecraft:total_world_time":22158,"minecraft:climb_one_cm":444,"minecraft:fall_one_cm":7716},"minecraft:used":{"minecraft:wheat_seeds":1,"minecraft:apple":5,"minecraft:wooden_pickaxe":16,"minecraft:sand":5}},"DataVersion":3839}