{"stats":{"minecraft:killed_by":{"minecraft:player":1,"minecraft:zombie":1},"minecraft:picked_up":{"minecraft:birch_log":2,"minecraft:crafting_table":3,"minecraft:feather":2,"minecraft:chicken":2,"minecraft:clay_ball":16,"minecraft:leather":6,"minecraft:gunpowder":1,"minecraft:lapis_lazuli":15,"minecraft:dirt":1,"minecraft:moss_carpet":6,"minecraft:raw_copper":110,"minecraft:wheat_seeds":4,"minecraft:cobbled_deepslate":4,"minecraft:beef":12,"minecraft:azalea":3,"minecraft:moss_block":6,"minecraft:flowering_azalea":11,"minecraft:egg":1,"minecraft:furnace":1,"minecraft:raw_iron":26,"minecraft:porkchop":5,"minecraft:sand":19,"minecraft:dark_oak_log":67,"minecraft:rotten_flesh":7,"minecraft:oak_sapling":1,"minecraft:glow_berries":6,"minecraft:mutton":4,"minecraft:coal":15,"minecraft:white_wool":4,"minecraft:cobblestone":26},"minecraft:crafted":{"minecraft:cooked_beef":3,"minecraft:cooked_porkchop":5,"minecraft:crafting_table":2,"minecraft:wooden_pickaxe":1,"minecraft:cooked_chicken":2,"minecraft:furnace":1,"minecraft:stone_axe":1,"minecraft:bread":1,"minecraft:air":0,"minecraft:stick":8,"minecraft:stone_pickaxe":1,"minecraft:stone_sword":1,"minecraft:dark_oak_planks":36},"minecraft:mined":{"minecraft:flowering_azalea":10,"minecraft:dark_oak_log":67,"minecraft:crafting_table":3,"minecraft:cave_vines_plant":3,"minecraft:short_grass":22,"minecraft:grass_block":1,"minecraft:tall_grass":16,"minecraft:copper_ore":30,"minecraft:moss_block":7,"minecraft:diorite":1,"minecraft:furnace":1,"minecraft:birch_log":2,"minecraft:iron_ore":20,"minecraft:birch_leaves":3,"minecraft:moss_carpet":1,"minecraft:deepslate_lapis_ore":2,"minecraft:coal_ore":10,"minecraft:cave_vines":9,"minecraft:deepslate_iron_ore":6,"minecraft:sand":19,"minecraft:azalea":4,"minecraft:stone":28,"minecraft:deepslate":4},"minecraft:custom":{"minecraft:interact_with_furnace":10,"minecraft:mob_kills":26,"minecraft:interact_with_crafting_table":5,"minecraft:leave_game":2,"minecraft:time_since_death":549,"minecraft:climb_one_cm":111,"minecraft:time_since_rest":625,"minecraft:sprint_one_cm":53226,"minecraft:damage_taken":1287,"minecraft:walk_one_cm":135680,"minecraft:damage_dealt":3292,"minecraft:fly_one_cm":148265,"minecraft:open_chest":1,"minecraft:crouch_one_cm":749,"minecraft:play_time":32836,"minecraft:deaths":2,"minecraft:sneak_time":319,"minecraft:walk_under_water_one_cm":3523,"minecraft:jump":914,"minecraft:walk_on_water_one_cm":7706,"minecraft:total_world_time":32836,"minecraft:fall_one_cm":30021},"minecraft:killed":{"minecraft:pig":3,"minecraft:creeper":1,"minecraft:sheep":4,"minecraft:skeleton":1,"minecraft:zombie":8,"minecraft:chicken":2,"minecraft:cow":7},"minecraft:used":{"minecraft:moss_block":6,"minecraft:stone_sword":96,"minecraft:stone_pickaxe":98,"minecraft:wooden_pickaxe":32,"minecraft:white_wool":1,"minecraft:glow_berries":1,"minecraft:crafting_table":3,"minecraft:bread":1,"minecraft:stone_axe":61,"minecraft:furnace":2,"minecraft:cooked_porkchop":5,"minecraft:cooked_beef":3}},"DataVersion":3839}