{"stats":{"minecraft:killed_by":{"minecraft:player":1},"minecraft:picked_up":{"minecraft:birch_log":2,"minecraft:crafting_table":3,"minecraft:feather":2,"minecraft:chicken":2,"minecraft:leather":6,"minecraft:gunpowder":1,"minecraft:dirt":1,"minecraft:moss_carpet":1,"minecraft:raw_copper":110,"minecraft:wheat_seeds":4,"minecraft:beef":12,"minecraft:azalea":3,"minecraft:flowering_azalea":9,"minecraft:furnace":1,"minecraft:egg":1,"minecraft:raw_iron":18,"minecraft:porkchop":5,"minecraft:sand":19,"minecraft:dark_oak_log":67,"minecraft:rotten_flesh":2,"minecraft:oak_sapling":1,"minecraft:glow_berries":4,"minecraft:mutton":4,"minecraft:coal":15,"minecraft:white_wool":4,"minecraft:cobblestone":26},"minecraft:crafted":{"minecraft:cooked_beef":3,"minecraft:cooked_porkchop":5,"minecraft:crafting_table":2,"minecraft:wooden_pickaxe":1,"minecraft:furnace":1,"minecraft:stone_axe":1,"minecraft:bread":1,"minecraft:air":0,"minecraft:stick":8,"minecraft:stone_pickaxe":1,"minecraft:stone_sword":1,"minecraft:dark_oak_planks":36},"minecraft:mined":{"minecraft:flowering_azalea":9,"minecraft:dark_oak_log":67,"minecraft:crafting_table":3,"minecraft:cave_vines_plant":3,"minecraft:short_grass":18,"minecraft:grass_block":1,"minecraft:copper_ore":30,"minecraft:tall_grass":8,"minecraft:moss_block":1,"minecraft:diorite":1,"minecraft:furnace":1,"minecraft:birch_log":2,"minecraft:iron_ore":18,"minecraft:moss_carpet":1,"minecraft:coal_ore":10,"minecraft:cave_vines":5,"minecraft:sand":19,"minecraft:azalea":3,"minecraft:stone":28},"minecraft:custom":{"minecraft:interact_with_furnace":9,"minecraft:mob_kills":22,"minecraft:interact_with_crafting_table":5,"minecraft:leave_game":1,"minecraft:time_since_death":25894,"minecraft:climb_one_cm":111,"minecraft:time_since_rest":25927,"minecraft:sprint_one_cm":46463,"minecraft:damage_taken":886,"minecraft:walk_one_cm":107348,"minecraft:damage_dealt":2643,"minecraft:fly_one_cm":129794,"minecraft:open_chest":1,"minecraft:crouch_one_cm":506,"minecraft:play_time":26461,"minecraft:deaths":1,"minecraft:sneak_time":145,"minecraft:walk_under_water_one_cm":2299,"minecraft:jump":710,"minecraft:walk_on_water_one_cm":4296,"minecraft:total_world_time":26461,"minecraft:fall_one_cm":23573},"minecraft:killed":{"minecraft:pig":3,"minecraft:creeper":1,"minecraft:sheep":4,"minecraft:zombie":5,"minecraft:chicken":2,"minecraft:cow":7},"minecraft:used":{"minecraft:stone_sword":73,"minecraft:stone_pickaxe":63,"minecraft:wooden_pickaxe":32,"minecraft:white_wool":1,"minecraft:glow_berries":1,"minecraft:crafting_table":3,"minecraft:bread":1,"minecraft:stone_axe":61,"minecraft:furnace":2,"minecraft:cooked_porkchop":4,"minecraft:cooked_beef":3}},"DataVersion":3839}