{"stats":{"minecraft:killed_by":{"minecraft:creeper":1},"minecraft:dropped":{"minecraft:wheat_seeds":95,"minecraft:dark_oak_sapling":1,"minecraft:feather":5,"minecraft:cobblestone":64,"minecraft:oxeye_daisy":2,"minecraft:dirt":3,"minecraft:gray_wool":1,"minecraft:dark_oak_log":19,"minecraft:diorite":12,"minecraft:torch":20,"minecraft:cornflower":1,"minecraft:wooden_axe":1,"minecraft:dark_oak_planks":4,"minecraft:white_wool":14,"minecraft:dandelion":36,"minecraft:gravel":4,"minecraft:stone_axe":1,"minecraft:moss_carpet":1,"minecraft:raw_copper":6,"minecraft:birch_sapling":1,"minecraft:rotten_flesh":24,"minecraft:azure_bluet":3,"minecraft:blast_furnace":1,"minecraft:poppy":4,"minecraft:gunpowder":1,"minecraft:beetroot_seeds":15,"minecraft:wooden_pickaxe":2,"minecraft:stone_pickaxe":1,"minecraft:black_wool":2},"minecraft:picked_up":{"minecraft:cocoa_beans":21,"minecraft:crafting_table":20,"minecraft:wheat":27,"minecraft:azure_bluet":6,"minecraft:chicken":8,"minecraft:enchanted_book":1,"minecraft:cornflower":1,"minecraft:moss_carpet":1,"minecraft:raw_copper":24,"minecraft:cobbled_deepslate":90,"minecraft:beef":27,"minecraft:jungle_sapling":7,"minecraft:poppy":10,"minecraft:sugar_cane":12,"minecraft:chest":2,"minecraft:birch_sapling":2,"minecraft:furnace":11,"minecraft:dark_oak_sapling":1,"minecraft:stick":15,"minecraft:raw_iron":399,"minecraft:torch":55,"minecraft:porkchop":20,"minecraft:diorite":12,"minecraft:dark_oak_planks":4,"minecraft:arrow":14,"minecraft:rotten_flesh":26,"minecraft:beetroot_seeds":15,"minecraft:obsidian":18,"minecraft:mutton":36,"minecraft:white_wool":32,"minecraft:cobblestone":486,"minecraft:oxeye_daisy":4,"minecraft:birch_log":66,"minecraft:feather":10,"minecraft:jungle_log":92,"minecraft:andesite":18,"minecraft:leather":17,"minecraft:dark_oak_boat":1,"minecraft:smoker":1,"minecraft:tuff":64,"minecraft:oak_log":57,"minecraft:gunpowder":3,"minecraft:lapis_lazuli":37,"minecraft:dirt":375,"minecraft:bone":11,"minecraft:bow":2,"minecraft:wheat_seeds":131,"minecraft:raw_gold":53,"minecraft:stone_pickaxe":1,"minecraft:iron_ingot":9,"minecraft:moss_block":7,"minecraft:flowering_azalea":1,"minecraft:dandelion":47,"minecraft:raw_iron_block":2,"minecraft:gravel":4,"minecraft:sand":1,"minecraft:blast_furnace":2,"minecraft:cyan_bed":1,"minecraft:dark_oak_log":54,"minecraft:mossy_cobblestone":2,"minecraft:diamond":15,"minecraft:granite":42,"minecraft:gray_wool":1,"minecraft:oak_sapling":2,"minecraft:coal":251,"minecraft:black_wool":2},"minecraft:crafted":{"minecraft:dark_oak_boat":2,"minecraft:furnace":4,"minecraft:diamond_shovel":1,"minecraft:cooked_mutton":8,"minecraft:bow":1,"minecraft:iron_boots":1,"minecraft:iron_axe":1,"minecraft:stone_pickaxe":4,"minecraft:chest":4,"minecraft:dark_oak_planks":104,"minecraft:raw_iron_block":34,"minecraft:cooked_beef":27,"minecraft:coal_block":15,"minecraft:cooked_porkchop":19,"minecraft:crafting_table":5,"minecraft:wooden_pickaxe":2,"minecraft:iron_helmet":1,"minecraft:iron_sword":1,"minecraft:birch_planks":48,"minecraft:bucket":1,"minecraft:stone_axe":3,"minecraft:bread":16,"minecraft:air":0,"minecraft:iron_chestplate":1,"minecraft:diamond_pickaxe":1,"minecraft:charcoal":10,"minecraft:shield":1,"minecraft:stick":116,"minecraft:iron_ingot":43,"minecraft:iron_pickaxe":1,"minecraft:wooden_axe":2,"minecraft:iron_shovel":1,"minecraft:iron_leggings":1,"minecraft:torch":320},"minecraft:broken":{"minecraft:iron_shovel":1,"minecraft:stone_pickaxe":3,"minecraft:stone_axe":1,"minecraft:iron_pickaxe":1,"minecraft:wooden_axe":1},"minecraft:custom":{"minecraft:mob_kills":115,"minecraft:interact_with_crafting_table":47,"minecraft:leave_game":3,"minecraft:time_since_death":155710,"minecraft:climb_one_cm":911,"minecraft:sprint_one_cm":708231,"minecraft:walk_one_cm":346224,"minecraft:damage_blocked_by_shield":1544,"minecraft:drop":55,"minecraft:play_time":180325,"minecraft:deaths":1,"minecraft:sneak_time":30350,"minecraft:walk_under_water_one_cm":1759,"minecraft:boat_one_cm":98755,"minecraft:jump":4196,"minecraft:interact_with_blast_furnace":1,"minecraft:walk_on_water_one_cm":19651,"minecraft:total_world_time":180325,"minecraft:interact_with_furnace":70,"minecraft:sleep_in_bed":1,"minecraft:time_since_rest":51053,"minecraft:damage_taken":2632,"minecraft:damage_dealt":16093,"minecraft:swim_one_cm":14823,"minecraft:fly_one_cm":871351,"minecraft:player_kills":1,"minecraft:open_chest":40,"minecraft:crouch_one_cm":107552,"minecraft:interact_with_smoker":1,"minecraft:fall_one_cm":109840},"minecraft:mined":{"minecraft:tuff":62,"minecraft:mossy_cobblestone":2,"minecraft:deepslate_diamond_ore":15,"minecraft:jungle_leaves":6,"minecraft:dark_oak_log":35,"minecraft:obsidian":18,"minecraft:granite":39,"minecraft:grass_block":337,"minecraft:jungle_log":92,"minecraft:moss_block":7,"minecraft:oxeye_daisy":3,"minecraft:raw_iron_block":2,"minecraft:furnace":11,"minecraft:iron_ore":164,"minecraft:andesite":26,"minecraft:moss_carpet":1,"minecraft:deepslate_lapis_ore":4,"minecraft:azure_bluet":5,"minecraft:vine":34,"minecraft:deepslate_iron_ore":203,"minecraft:stone":417,"minecraft:deepslate_redstone_ore":1,"minecraft:cut_sandstone":1,"minecraft:flowering_azalea":1,"minecraft:melon_stem":3,"minecraft:smoker":1,"minecraft:dandelion":33,"minecraft:cornflower":1,"minecraft:crafting_table":20,"minecraft:torch":8,"minecraft:short_grass":421,"minecraft:blast_furnace":1,"minecraft:poppy":8,"minecraft:chest":2,"minecraft:tall_grass":17,"minecraft:copper_ore":6,"minecraft:cobblestone":9,"minecraft:deepslate_coal_ore":2,"minecraft:lapis_ore":1,"minecraft:cyan_bed":1,"minecraft:deepslate_gold_ore":43,"minecraft:sugar_cane":5,"minecraft:diorite":7,"minecraft:wall_torch":19,"minecraft:seagrass":1,"minecraft:birch_log":66,"minecraft:wheat":54,"minecraft:birch_leaves":5,"minecraft:oak_log":57,"minecraft:coal_ore":225,"minecraft:beetroots":15,"minecraft:gravel":2,"minecraft:sand":1,"minecraft:dirt":39,"minecraft:gold_ore":10,"minecraft:oak_leaves":11,"minecraft:deepslate":82,"minecraft:fern":2},"minecraft:killed":{"minecraft:armadillo":1,"minecraft:spider":3,"minecraft:skeleton":17,"minecraft:chicken":8,"minecraft:pig":12,"minecraft:bat":1,"minecraft:creeper":4,"minecraft:sheep":24,"minecraft:zombie":30,"minecraft:cow":14},"minecraft:used":{"minecraft:moss_block":7,"minecraft:iron_shovel":260,"minecraft:chest":4,"minecraft:shield":18,"minecraft:iron_sword":160,"minecraft:iron_chestplate":1,"minecraft:torch":341,"minecraft:dirt":339,"minecraft:azure_bluet":1,"minecraft:granite":34,"minecraft:wooden_axe":56,"minecraft:iron_axe":148,"minecraft:birch_sapling":1,"minecraft:jungle_log":14,"minecraft:iron_helmet":1,"minecraft:bow":3,"minecraft:dark_oak_boat":2,"minecraft:furnace":13,"minecraft:cooked_beef":23,"minecraft:iron_leggings":1,"minecraft:wheat_seeds":2,"minecraft:water_bucket":15,"minecraft:stone_pickaxe":516,"minecraft:wooden_pickaxe":22,"minecraft:sand":1,"minecraft:crafting_table":23,"minecraft:blast_furnace":1,"minecraft:smoker":1,"minecraft:diamond_pickaxe":619,"minecraft:diamond_shovel":80,"minecraft:cyan_bed":1,"minecraft:iron_pickaxe":250,"minecraft:bread":2,"minecraft:stone_axe":222,"minecraft:cobblestone":92,"minecraft:porkchop":1,"minecraft:cooked_porkchop":18,"minecraft:andesite":11,"minecraft:bucket":16,"minecraft:dandelion":3}},"DataVersion":3839}