{"stats":{"minecraft:killed_by":{"minecraft:creeper":1},"minecraft:dropped":{"minecraft:wheat_seeds":71,"minecraft:dark_oak_sapling":1,"minecraft:feather":5,"minecraft:cobblestone":64,"minecraft:dirt":3,"minecraft:gray_wool":1,"minecraft:diorite":12,"minecraft:torch":20,"minecraft:wooden_axe":1,"minecraft:dark_oak_planks":1,"minecraft:white_wool":14,"minecraft:gravel":4,"minecraft:moss_carpet":1,"minecraft:stone_axe":1,"minecraft:raw_copper":6,"minecraft:birch_sapling":1,"minecraft:rotten_flesh":20,"minecraft:gunpowder":1,"minecraft:beetroot_seeds":15,"minecraft:stone_pickaxe":1,"minecraft:wooden_pickaxe":2,"minecraft:black_wool":2},"minecraft:picked_up":{"minecraft:crafting_table":19,"minecraft:wheat":27,"minecraft:chicken":8,"minecraft:enchanted_book":1,"minecraft:moss_carpet":1,"minecraft:raw_copper":24,"minecraft:cobbled_deepslate":90,"minecraft:beef":27,"minecraft:sugar_cane":12,"minecraft:chest":2,"minecraft:birch_sapling":2,"minecraft:furnace":11,"minecraft:dark_oak_sapling":1,"minecraft:raw_iron":399,"minecraft:stick":1,"minecraft:torch":46,"minecraft:porkchop":19,"minecraft:diorite":12,"minecraft:arrow":11,"minecraft:rotten_flesh":20,"minecraft:beetroot_seeds":15,"minecraft:mutton":35,"minecraft:white_wool":32,"minecraft:cobblestone":457,"minecraft:birch_log":66,"minecraft:feather":10,"minecraft:andesite":18,"minecraft:leather":17,"minecraft:smoker":1,"minecraft:tuff":64,"minecraft:oak_log":57,"minecraft:gunpowder":1,"minecraft:lapis_lazuli":37,"minecraft:dirt":39,"minecraft:bone":10,"minecraft:bow":2,"minecraft:wheat_seeds":74,"minecraft:raw_gold":53,"minecraft:iron_ingot":9,"minecraft:stone_pickaxe":1,"minecraft:moss_block":7,"minecraft:flowering_azalea":1,"minecraft:raw_iron_block":2,"minecraft:gravel":4,"minecraft:sand":1,"minecraft:blast_furnace":1,"minecraft:cyan_bed":1,"minecraft:dark_oak_log":35,"minecraft:mossy_cobblestone":2,"minecraft:diamond":15,"minecraft:granite":42,"minecraft:gray_wool":1,"minecraft:black_wool":2,"minecraft:coal":251},"minecraft:crafted":{"minecraft:dark_oak_boat":1,"minecraft:furnace":4,"minecraft:cooked_mutton":8,"minecraft:bow":1,"minecraft:iron_boots":1,"minecraft:iron_axe":1,"minecraft:stone_pickaxe":4,"minecraft:dark_oak_planks":52,"minecraft:raw_iron_block":34,"minecraft:cooked_beef":27,"minecraft:coal_block":15,"minecraft:cooked_porkchop":19,"minecraft:crafting_table":3,"minecraft:wooden_pickaxe":2,"minecraft:iron_helmet":1,"minecraft:iron_sword":1,"minecraft:bucket":1,"minecraft:birch_planks":48,"minecraft:stone_axe":3,"minecraft:bread":16,"minecraft:air":0,"minecraft:iron_chestplate":1,"minecraft:charcoal":10,"minecraft:diamond_pickaxe":1,"minecraft:shield":1,"minecraft:stick":108,"minecraft:iron_ingot":43,"minecraft:iron_pickaxe":1,"minecraft:wooden_axe":2,"minecraft:iron_leggings":1,"minecraft:torch":320},"minecraft:broken":{"minecraft:stone_pickaxe":3,"minecraft:stone_axe":1,"minecraft:iron_pickaxe":1,"minecraft:wooden_axe":1},"minecraft:custom":{"minecraft:mob_kills":99,"minecraft:interact_with_crafting_table":38,"minecraft:leave_game":2,"minecraft:time_since_death":107133,"minecraft:climb_one_cm":112,"minecraft:sprint_one_cm":497833,"minecraft:walk_one_cm":226443,"minecraft:damage_blocked_by_shield":1544,"minecraft:drop":33,"minecraft:play_time":131748,"minecraft:deaths":1,"minecraft:sneak_time":27714,"minecraft:walk_under_water_one_cm":777,"minecraft:boat_one_cm":7632,"minecraft:jump":2927,"minecraft:interact_with_blast_furnace":1,"minecraft:walk_on_water_one_cm":9349,"minecraft:total_world_time":131748,"minecraft:interact_with_furnace":70,"minecraft:sleep_in_bed":1,"minecraft:time_since_rest":2476,"minecraft:damage_taken":2430,"minecraft:damage_dealt":13341,"minecraft:swim_one_cm":8357,"minecraft:player_kills":1,"minecraft:fly_one_cm":563043,"minecraft:open_chest":16,"minecraft:crouch_one_cm":100441,"minecraft:fall_one_cm":72677},"minecraft:mined":{"minecraft:tuff":62,"minecraft:mossy_cobblestone":2,"minecraft:deepslate_diamond_ore":15,"minecraft:dark_oak_log":35,"minecraft:granite":39,"minecraft:grass_block":11,"minecraft:moss_block":7,"minecraft:raw_iron_block":2,"minecraft:furnace":11,"minecraft:iron_ore":164,"minecraft:andesite":26,"minecraft:moss_carpet":1,"minecraft:deepslate_lapis_ore":4,"minecraft:deepslate_iron_ore":203,"minecraft:stone":388,"minecraft:deepslate_redstone_ore":1,"minecraft:cut_sandstone":1,"minecraft:flowering_azalea":1,"minecraft:melon_stem":3,"minecraft:smoker":1,"minecraft:crafting_table":19,"minecraft:torch":3,"minecraft:short_grass":3,"minecraft:blast_furnace":1,"minecraft:chest":2,"minecraft:cobblestone":9,"minecraft:copper_ore":6,"minecraft:tall_grass":2,"minecraft:deepslate_coal_ore":2,"minecraft:cyan_bed":1,"minecraft:lapis_ore":1,"minecraft:deepslate_gold_ore":43,"minecraft:sugar_cane":5,"minecraft:diorite":7,"minecraft:wall_torch":18,"minecraft:wheat":54,"minecraft:birch_log":66,"minecraft:birch_leaves":5,"minecraft:coal_ore":225,"minecraft:oak_log":57,"minecraft:beetroots":15,"minecraft:dirt":28,"minecraft:gravel":2,"minecraft:sand":1,"minecraft:gold_ore":10,"minecraft:oak_leaves":2,"minecraft:deepslate":82},"minecraft:killed":{"minecraft:armadillo":1,"minecraft:spider":2,"minecraft:skeleton":15,"minecraft:chicken":8,"minecraft:pig":8,"minecraft:bat":1,"minecraft:creeper":3,"minecraft:sheep":23,"minecraft:zombie":23,"minecraft:cow":14},"minecraft:used":{"minecraft:moss_block":7,"minecraft:shield":18,"minecraft:iron_sword":110,"minecraft:iron_chestplate":1,"minecraft:torch":248,"minecraft:dirt":36,"minecraft:granite":34,"minecraft:wooden_axe":56,"minecraft:iron_axe":3,"minecraft:birch_sapling":1,"minecraft:iron_helmet":1,"minecraft:bow":3,"minecraft:dark_oak_boat":1,"minecraft:furnace":11,"minecraft:cooked_beef":18,"minecraft:iron_leggings":1,"minecraft:wheat_seeds":2,"minecraft:water_bucket":4,"minecraft:stone_pickaxe":516,"minecraft:wooden_pickaxe":22,"minecraft:sand":1,"minecraft:crafting_table":20,"minecraft:diamond_pickaxe":572,"minecraft:bread":2,"minecraft:iron_pickaxe":250,"minecraft:stone_axe":222,"minecraft:cobblestone":90,"minecraft:cooked_porkchop":15,"minecraft:andesite":11,"minecraft:bucket":4}},"DataVersion":3839}