{"stats":{"minecraft:killed_by":{"minecraft:creeper":1},"minecraft:dropped":{"minecraft:moss_carpet":1,"minecraft:birch_sapling":1,"minecraft:feather":5,"minecraft:wooden_axe":1,"minecraft:stone_pickaxe":1,"minecraft:wooden_pickaxe":2,"minecraft:black_wool":1},"minecraft:picked_up":{"minecraft:birch_log":35,"minecraft:crafting_table":8,"minecraft:feather":10,"minecraft:chicken":8,"minecraft:andesite":18,"minecraft:leather":2,"minecraft:enchanted_book":1,"minecraft:oak_log":57,"minecraft:dirt":15,"minecraft:moss_carpet":1,"minecraft:raw_copper":18,"minecraft:bone":1,"minecraft:wheat_seeds":1,"minecraft:beef":3,"minecraft:iron_ingot":8,"minecraft:stone_pickaxe":1,"minecraft:flowering_azalea":1,"minecraft:moss_block":7,"minecraft:chest":2,"minecraft:birch_sapling":2,"minecraft:furnace":3,"minecraft:raw_iron":9,"minecraft:torch":6,"minecraft:porkchop":3,"minecraft:mossy_cobblestone":2,"minecraft:arrow":2,"minecraft:granite":19,"minecraft:black_wool":1,"minecraft:mutton":8,"minecraft:coal":23,"minecraft:white_wool":4,"minecraft:cobblestone":174},"minecraft:crafted":{"minecraft:cooked_porkchop":3,"minecraft:crafting_table":2,"minecraft:wooden_pickaxe":2,"minecraft:furnace":2,"minecraft:birch_planks":48,"minecraft:stone_axe":2,"minecraft:cooked_mutton":8,"minecraft:bread":2,"minecraft:air":0,"minecraft:charcoal":10,"minecraft:stick":28,"minecraft:stone_pickaxe":3,"minecraft:wooden_axe":2,"minecraft:torch":40},"minecraft:broken":{"minecraft:stone_pickaxe":1,"minecraft:wooden_axe":1},"minecraft:mined":{"minecraft:flowering_azalea":1,"minecraft:mossy_cobblestone":2,"minecraft:crafting_table":8,"minecraft:granite":19,"minecraft:short_grass":1,"minecraft:grass_block":5,"minecraft:chest":2,"minecraft:tall_grass":2,"minecraft:copper_ore":6,"minecraft:cobblestone":7,"minecraft:moss_block":7,"minecraft:wall_torch":7,"minecraft:furnace":3,"minecraft:birch_log":35,"minecraft:iron_ore":9,"minecraft:birch_leaves":3,"minecraft:andesite":21,"minecraft:moss_carpet":1,"minecraft:coal_ore":23,"minecraft:oak_log":57,"minecraft:dirt":10,"minecraft:stone":174,"minecraft:oak_leaves":2},"minecraft:custom":{"minecraft:interact_with_furnace":16,"minecraft:mob_kills":16,"minecraft:interact_with_crafting_table":9,"minecraft:leave_game":1,"minecraft:time_since_death":3727,"minecraft:climb_one_cm":112,"minecraft:time_since_rest":3754,"minecraft:sprint_one_cm":54838,"minecraft:damage_taken":398,"minecraft:walk_one_cm":39269,"minecraft:drop":9,"minecraft:damage_dealt":1362,"minecraft:fly_one_cm":62527,"minecraft:player_kills":1,"minecraft:open_chest":3,"minecraft:crouch_one_cm":28870,"minecraft:play_time":28342,"minecraft:deaths":1,"minecraft:sneak_time":8137,"minecraft:jump":329,"minecraft:walk_on_water_one_cm":517,"minecraft:total_world_time":28342,"minecraft:fall_one_cm":7023},"minecraft:killed":{"minecraft:pig":1,"minecraft:sheep":5,"minecraft:skeleton":1,"minecraft:chicken":8,"minecraft:cow":1},"minecraft:used":{"minecraft:moss_block":7,"minecraft:stone_pickaxe":265,"minecraft:wooden_pickaxe":22,"minecraft:torch":20,"minecraft:dirt":15,"minecraft:crafting_table":8,"minecraft:granite":11,"minecraft:wooden_axe":56,"minecraft:birch_sapling":1,"minecraft:stone_axe":60,"minecraft:cobblestone":8,"minecraft:furnace":3,"minecraft:cooked_porkchop":2,"minecraft:andesite":11}},"DataVersion":3839}